Mobile_number,Emp_ID
koocutford0@gmail.com,ibnzlgc45
casitewnion1@gmail.com,ibnzlgc45
pattonblackeby2@gmail.com,gNnXR99
giordanohutcheons3@gmail.com,UJivDa58
paulienoton4@gmail.com,lkcSYgD4
matildaventon5@gmail.com,rrmqrM2
davonmountney6@gmail.com,WiMBCAn17
yoshiilyunin7@gmail.com,FrEbeQ36
corinnashire8@gmail.com,HhqAKiCtY55
jessygussin9@gmail.com,rrmqrM2
chrissytuite10@gmail.com,QQzYgU53
lornastronough11@gmail.com,jKJAkjLW98
poulbrunelli12@gmail.com,YlHnnjG40
clarkewallach13@gmail.com,qtIdph37
nikolaoskubica14@gmail.com,voafz79
dinnieprover15@gmail.com,mhjvZcGzy5
kippmicklem16@gmail.com,KlgnIV89
gertikennham17@gmail.com,OCTEwboA30
loryvonwelden18@gmail.com,UGnvdLoSJ20
siwardribeiro19@gmail.com,uRBrnUsIu8
raniaglason20@gmail.com,hGQrQDj24
ethelbertperkinson21@gmail.com,yvDRRczr82
thainebodham22@gmail.com,jPAcUsxw56
rhiannaonthank23@gmail.com,ZzmZwSjgK33
barbeymactavish24@gmail.com,WoTSgN18
audrybransgrove25@gmail.com,Hzxdsi29
bellancabrizell26@gmail.com,gNnXR99
leonaferentz27@gmail.com,wtiaXUTgO22
clayscorey28@gmail.com,iktrv61
laurenorchart29@gmail.com,fuefHzJ93
nickybroggetti30@gmail.com,dyPML86
dorellemastrantone31@gmail.com,qQiKv12
elishafloris32@gmail.com,cIKEVnW76
panchitoraymen33@gmail.com,QQzYgU53
elishafloris34@gmail.com,TZfvxlPji49
morryleads35@gmail.com,HhqAKiCtY55
theklamackelworth36@gmail.com,JBGZAiBE97
dorellemastrantone37@gmail.com,FrEbeQ36
yorgosfillimore38@gmail.com,uRBrnUsIu8
jessygussin39@gmail.com,DOgye73
viviannequartermaine40@gmail.com,QkaUt38
elishafloris41@gmail.com,UEJIXAtkg59
koofeirn42@gmail.com,uHshgInhb63
dulciaconnealy43@gmail.com,Hzxdsi29
rickycurwood44@gmail.com,PDSCD42
cathaargont45@gmail.com,jKJAkjLW98
mableseabrooke46@gmail.com,RrjVx62
theklamackelworth47@gmail.com,oOKAP11
mildreddanahar48@gmail.com,UEJIXAtkg59
giseled'escoffier49@gmail.com,qltTOpb95
chrisyo'mohun50@gmail.com,xJdSPO48
connorhacker51@gmail.com,iktrv61
derekstobbs52@gmail.com,xJdSPO48
carlynnegrimsey53@gmail.com,UEJIXAtkg59
clarkewallach54@gmail.com,ibnzlgc45
riviloughrey55@gmail.com,UGnvdLoSJ20
theresinakasting56@gmail.com,rrmqrM2
michelehoodspeth57@gmail.com,TZfvxlPji49
staceeivy58@gmail.com,lkWrOCuW94
kennethmarsham59@gmail.com,mmVjT80
brynnegatesman60@gmail.com,XbqUjnYtL46
gavlillecrap61@gmail.com,HNCKQu27
roselinadnams62@gmail.com,cIKEVnW76
malinabentham63@gmail.com,RnurL83
cathaargont64@gmail.com,BvJlgZPO85
gavlillecrap65@gmail.com,SflpP67
feliciaclitherow66@gmail.com,LQCDp13
gregponder67@gmail.com,uRBrnUsIu8
pierpim68@gmail.com,ncQfTdP68
dannelhumbey69@gmail.com,ZzmZwSjgK33
maybellejellis70@gmail.com,iktrv61
tristanpurse71@gmail.com,xJdSPO48
gualteriodrioli72@gmail.com,akpHvbsb7
fredericajenkins73@gmail.com,QkaUt38
dynachancelier74@gmail.com,FjVnY90
odettashovell75@gmail.com,BvJlgZPO85
idalinestatefield76@gmail.com,jPAcUsxw56
staceeivy77@gmail.com,SzaeRNziA91
gilbertinebirney78@gmail.com,UEJIXAtkg59
stantoncarlisso79@gmail.com,VVEaZPJMw77
yancenutton80@gmail.com,kxAfNWp71
theresinakasting81@gmail.com,vlHhoYt44
laurenorchart82@gmail.com,TZfvxlPji49
silvainsummerly83@gmail.com,DceupFyx65
malinabentham84@gmail.com,xKzxhw10
malindemacbane85@gmail.com,HNCKQu27
ruymacgraith86@gmail.com,upvrXvfZ9
chrissytuite87@gmail.com,LzzaH57
connorhacker88@gmail.com,cIKEVnW76
paulienoton89@gmail.com,yvDRRczr82
muhammadgrief90@gmail.com,mhjvZcGzy5
lydademitri91@gmail.com,XSSoIvm19
casitewnion92@gmail.com,qQiKv12
albertbrandacci93@gmail.com,QQzYgU53
jessygussin94@gmail.com,HNCKQu27
kippmicklem95@gmail.com,KlgnIV89
audrybransgrove96@gmail.com,DDjMsM60
pattykernermann97@gmail.com,TZfvxlPji49
morryleads98@gmail.com,kxAfNWp71
lorettahillhouse99@gmail.com,LeJVSM96
